{
  "7974431818": {
    "total_deliveries": 8,
    "total_earnings": 538,
    "experience": 4,
    "last_delivery": "2025-04-20T09:18:12.229364",
    "username": "︎ ︎ ︎︎ ︎ ︎ ︎ ︎︎ ︎ ︎︎︎ ︎ ︎ ︎ ︎ ︎ ︎︎ ︎ ︎ ︎ ︎︎ ︎ ︎ ︎ ︎︎ ︎ ︎︎︎",
    "active_buffs": []
  },
  "7023169726": {
    "total_deliveries": 6,
    "total_earnings": 395,
    "experience": 3,
    "last_delivery": "2025-04-20T09:18:12.229475",
    "username": "Терминатор",
    "active_buffs": []
  },
  "7785156483": {
    "total_deliveries": 3,
    "total_earnings": 157,
    "experience": 1,
    "last_delivery": "2025-04-19T20:10:12.237589"
  },
  "6999938953": {
    "total_deliveries": 4,
    "total_earnings": 231,
    "experience": 2,
    "last_delivery": "2025-04-20T09:28:43.915880",
    "username": "Максютка <3",
    "active_buffs": []
  }
}